-- phpMyAdmin SQL Dump
-- version 4.0.10deb1
-- http://www.phpmyadmin.net
--
-- Host: localhost
-- Generation Time: Jun 17, 2015 at 11:58 AM
-- Server version: 5.6.19-0ubuntu0.14.04.1
-- PHP Version: 5.5.9-1ubuntu4.9

SET SQL_MODE = "NO_AUTO_VALUE_ON_ZERO";
SET time_zone = "+00:00";


/*!40101 SET @OLD_CHARACTER_SET_CLIENT=@@CHARACTER_SET_CLIENT */;
/*!40101 SET @OLD_CHARACTER_SET_RESULTS=@@CHARACTER_SET_RESULTS */;
/*!40101 SET @OLD_COLLATION_CONNECTION=@@COLLATION_CONNECTION */;
/*!40101 SET NAMES utf8 */;

--
-- Database: `spaza_shop`
--

-- --------------------------------------------------------

--
-- Table structure for table `categories`
--

CREATE TABLE IF NOT EXISTS `categories` (
  `ID` int(11) NOT NULL AUTO_INCREMENT,
  `cat_name` varchar(30) DEFAULT NULL,
  PRIMARY KEY (`ID`)
) ENGINE=InnoDB  DEFAULT CHARSET=latin1 AUTO_INCREMENT=6 ;

--
-- Dumping data for table `categories`
--

INSERT INTO `categories` (`ID`, `cat_name`) VALUES
(1, 'junk_food'),
(2, 'dairy'),
(3, 'not_edible'),
(4, 'veg_and_carbs'),
(5, 'fruit');

-- --------------------------------------------------------

--
-- Table structure for table `days`
--

CREATE TABLE IF NOT EXISTS `days` (
  `id` int(11) NOT NULL AUTO_INCREMENT,
  `day` varchar(10) DEFAULT NULL,
  PRIMARY KEY (`id`)
) ENGINE=InnoDB  DEFAULT CHARSET=latin1 AUTO_INCREMENT=8 ;

--
-- Dumping data for table `days`
--

INSERT INTO `days` (`id`, `day`) VALUES
(1, 'Sunday'),
(2, 'Monday'),
(3, 'Tuesday'),
(4, 'Wednesday'),
(5, 'Thursday'),
(6, 'Friday'),
(7, 'Saturday');

-- --------------------------------------------------------

--
-- Table structure for table `product_sold`
--

CREATE TABLE IF NOT EXISTS `product_sold` (
  `product_name` varchar(30) DEFAULT NULL,
  `no_sold` int(11) NOT NULL,
  `id` int(11) NOT NULL AUTO_INCREMENT,
  PRIMARY KEY (`id`),
  UNIQUE KEY `product_name` (`product_name`)
) ENGINE=InnoDB  DEFAULT CHARSET=latin1 AUTO_INCREMENT=22 ;

--
-- Dumping data for table `product_sold`
--

INSERT INTO `product_sold` (`product_name`, `no_sold`, `id`) VALUES
('Apples - looses', 131, 1),
('Bananas - loose', 114, 2),
('Bread', 130, 3),
('Chakalaka Can', 94, 4),
('Coke 500ml', 159, 5),
('Cream Soda 500ml', 75, 6),
('Fanta 500ml', 94, 7),
('Gold Dish Vegetable Curry Can', 86, 8),
('Heart Chocolates', 20, 9),
('Imasi', 125, 10),
('Iwisa Pap 5kg', 47, 11),
('Milk 1l', 142, 12),
('Mixed Sweets 5s', 172, 13),
('Rose (plastic)', 14, 14),
('Shampoo 1 litre', 26, 15),
('Soap Bar', 50, 16),
('Top Class Soy Mince', 98, 17),
('Valentine Cards', 14, 20),
('Building', 2, 21);

-- --------------------------------------------------------

--
-- Table structure for table `purchase_history`
--

CREATE TABLE IF NOT EXISTS `purchase_history` (
  `id` int(11) NOT NULL AUTO_INCREMENT,
  `date` varchar(15) DEFAULT NULL,
  `shop` varchar(30) DEFAULT NULL,
  `item` varchar(30) DEFAULT NULL,
  `quantity` int(11) NOT NULL,
  `cost` varchar(10) DEFAULT NULL,
  `total_cost` varchar(17) DEFAULT NULL,
  `supplier_id` int(11) NOT NULL,
  PRIMARY KEY (`id`),
  KEY `supplier_id` (`supplier_id`)
) ENGINE=InnoDB  DEFAULT CHARSET=latin1 AUTO_INCREMENT=154 ;

--
-- Dumping data for table `purchase_history`
--

INSERT INTO `purchase_history` (`id`, `date`, `shop`, `item`, `quantity`, `cost`, `total_cost`, `supplier_id`) VALUES
(1, '23-Jan', 'Makro', 'Chakalaka Can', 3, 'R7.00', 'R21.00', 1),
(2, '23-Jan', 'Makro', 'Coke 500ml', 3, 'R3.50', 'R10.50\r', 1),
(3, '23-Jan', 'Makro', 'Cream Soda 500ml', 4, 'R4.50', 'R18.00\r', 1),
(4, '23-Jan', 'Makro', 'Fanta 500ml', 2, 'R4.50', 'R9.00\r', 1),
(5, '23-Jan', 'Makro', 'Gold Dish Vegetable Curry Can', 2, 'R5.00', 'R10.00\r', 1),
(6, '23-Jan', 'Makro', 'Imasi', 1, 'R17.00', 'R17.00\r', 1),
(7, '23-Jan', 'Makro', 'Iwisa Pap 5kg', 3, 'R20.00', 'R60.00\r', 1),
(8, '23-Jan', 'Makro', 'Milk 1l', 4, 'R7.00', 'R28.00\r', 1),
(9, '23-Jan', 'Makro', 'Top Class Soy Mince', 5, 'R8.00', 'R40.00\r', 1),
(10, '28-Jan', 'Epping Market', 'Bananas - loose', 4, 'R1.00', 'R4.00\r', 2),
(11, '28-Jan', 'Epping Market', 'Apples - loose', 10, 'R1.50', 'R15.00\r', 2),
(12, '28-Jan', 'Epping Market', 'Mixed Sweets 5s', 60, 'R3.00', 'R180.00\r', 2),
(13, '28-Jan', 'HomeMade', 'Shampoo 1 litre', 1, 'R20.00', 'R20.00\r', 3),
(14, '28-Jan', 'HomeMade', 'Soap Bar', 3, 'R3.00', 'R9.00\r', 3),
(15, '28-Jan', 'Makro', 'Bread', 30, 'R9.00', 'R270.00\r', 1),
(16, '28-Jan', 'Makro', 'Chakalaka Can', 15, 'R7.00', 'R105.00\r', 1),
(17, '28-Jan', 'Makro', 'Coke 500ml', 36, 'R3.50', 'R126.00\r', 1),
(18, '28-Jan', 'Makro', 'Cream Soda 500ml', 24, 'R4.50', 'R108.00\r', 1),
(19, '28-Jan', 'Makro', 'Fanta 500ml', 24, 'R4.50', 'R108.00\r', 1),
(20, '28-Jan', 'Makro', 'Gold Dish Vegetable Curry Can', 15, 'R5.00', 'R75.00\r', 1),
(21, '28-Jan', 'Makro', 'Imasi', 15, 'R17.00', 'R255.00\r', 1),
(22, '28-Jan', 'Makro', 'Iwisa Pap 5kg', 15, 'R20.00', 'R300.00\r', 1),
(23, '28-Jan', 'Makro', 'Milk 1l', 25, 'R7.00', 'R175.00\r', 1),
(24, '28-Jan', 'Makro', 'Top Class Soy Mince', 10, 'R8.00', 'R80.00\r', 1),
(25, '02-Feb', 'HomeMade', 'Shampoo 1 litre', 1, 'R20.00', 'R20.00\r', 3),
(26, '02-Feb', 'HomeMade', 'Soap Bar', 3, 'R3.00', 'R9.00\r', 3),
(27, '03-Feb', 'Epping Market', 'Bananas - loose', 12, 'R1.00', 'R12.00\r', 2),
(28, '03-Feb', 'Epping Market', 'Apples - loose', 100, 'R1.50', 'R150.00\r', 2),
(29, '03-Feb', 'Epping Market', 'Mixed Sweets 5s', 240, 'R3.00', 'R720.00\r', 2),
(30, '04-Feb', 'HomeMade', 'Shampoo 1 litre', 2, 'R20.00', 'R40.00\r', 3),
(31, '04-Feb', 'HomeMade', 'Soap Bar', 5, 'R3.00', 'R15.00\r', 3),
(32, '04-Feb', 'Joe Spaza Shop', 'Bread', 4, 'R11.00', 'R44.00\r', 4),
(33, '04-Feb', 'Joe Spaza Shop', 'Imasi', 4, 'R24.00', 'R96.00\r', 4),
(34, '06-Feb', 'Epping Market', 'Bananas - loose', 8, 'R1.00', 'R8.00\r', 2),
(35, '06-Feb', 'Epping Market', 'Apples - loose', 100, 'R1.50', 'R150.00\r', 2),
(36, '06-Feb', 'Epping Market', 'Mixed Sweets 5s', 150, 'R3.00', 'R450.00\r', 2),
(37, '06-Feb', 'HomeMade', 'Soap Bar', 5, 'R3.00', 'R15.00\r', 3),
(38, '6-Feb', 'Makro', 'Bread', 30, 'R9.00', 'R270.00\r', 1),
(39, '6-Feb', 'Makro', 'Chakalaka Can', 15, 'R7.00', 'R105.00\r', 1),
(40, '6-Feb', 'Makro', 'Coke 500ml', 36, 'R3.50', 'R126.00\r', 1),
(41, '6-Feb', 'Makro', 'Cream Soda 500ml', 18, 'R4.50', 'R81.00\r', 1),
(42, '6-Feb', 'Makro', 'Fanta 500ml', 24, 'R4.50', 'R108.00\r', 1),
(43, '6-Feb', 'Makro', 'Gold Dish Vegetable Curry Can', 15, 'R5.00', 'R75.00\r', 1),
(44, '6-Feb', 'Makro', 'Imasi', 25, 'R17.00', 'R425.00\r', 1),
(45, '6-Feb', 'Makro', 'Iwisa Pap 5kg', 5, 'R20.00', 'R100.00\r', 1),
(46, '6-Feb', 'Makro', 'Milk 1l', 10, 'R7.00', 'R70.00\r', 1),
(47, '6-Feb', 'Makro', 'Top Class Soy Mince', 10, 'R8.00', 'R80.00\r', 1),
(48, '09-Feb', 'ChinaTown', 'Rose (plastic)', 20, 'R10.00', 'R200.00\r', 5),
(49, '09-Feb', 'Joe Spaza Shop', 'Milk 1l', 3, 'R9.50', 'R28.50\r', 4),
(50, '10-Feb', 'Epping Market', 'Bananas - loose', 4, 'R1.00', 'R4.00\r', 2),
(51, '10-Feb', 'Epping Market', 'Apples - loose', 20, 'R1.50', 'R30.00\r', 2),
(52, '10-Feb', 'Epping Market', 'Mixed Sweets 5s', 150, 'R3.00', 'R450.00\r', 2),
(53, '10-Feb', 'Makro', 'Bread', 10, 'R9.00', 'R90.00\r', 1),
(54, '10-Feb', 'Makro', 'Chakalaka Can', 15, 'R7.00', 'R105.00\r', 1),
(55, '10-Feb', 'Makro', 'Coke 500ml', 18, 'R3.50', 'R63.00\r', 1),
(56, '10-Feb', 'Makro', 'Gold Dish Vegetable Curry Can', 5, 'R5.00', 'R25.00\r', 1),
(57, '10-Feb', 'Makro', 'Heart Chocolates', 20, 'R25.00', 'R500.00\r', 1),
(58, '10-Feb', 'Makro', 'Imasi', 10, 'R17.00', 'R170.00\r', 1),
(59, '10-Feb', 'Makro', 'Iwisa Pap 5kg', 5, 'R20.00', 'R100.00\r', 1),
(60, '10-Feb', 'Makro', 'Milk 1l', 10, 'R7.00', 'R70.00\r', 1),
(61, '10-Feb', 'Makro', 'Top Class Soy Mince', 15, 'R8.00', 'R120.00\r', 1),
(62, '11-Feb', 'HomeMade', 'Shampoo 1 litre', 2, 'R20.00', 'R40.00\r', 3),
(63, '11-Feb', 'HomeMade', 'Valentine Cards', 20, 'R2.00', 'R40.00\r', 3),
(64, '12-Feb', 'Joe Spaza Shop', 'Milk 1l', 3, 'R9.50', 'R28.50\r', 4),
(65, '13-Feb', 'Epping Market', 'Bananas - loose', 4, 'R1.00', 'R4.00\r', 2),
(66, '13-Feb', 'Epping Market', 'Mixed Sweets 5s', 50, 'R3.00', 'R150.00\r', 2),
(67, '13-Feb', 'HomeMade', 'Shampoo 1 litre', 3, 'R20.00', 'R60.00\r', 3),
(68, '13-Feb', 'HomeMade', 'Soap Bar', 5, 'R3.00', 'R15.00\r', 3),
(69, '13-Feb', 'Joe Spaza Shop', 'Gold Dish Vegetable Curry Can', 5, 'R8.50', 'R42.50\r', 4),
(70, '13-Feb', 'Makro', 'Bread', 5, 'R9.00', 'R45.00\r', 1),
(71, '13-Feb', 'Makro', 'Coke 500ml', 12, 'R3.50', 'R42.00\r', 1),
(72, '13-Feb', 'Makro', 'Fanta 500ml', 12, 'R4.50', 'R54.00\r', 1),
(73, '13-Feb', 'Makro', 'Imasi', 20, 'R17.00', 'R340.00\r', 1),
(74, '13-Feb', 'Makro', 'Milk 1l', 15, 'R7.00', 'R105.00\r', 1),
(75, '13-Feb', 'Makro', 'Top Class Soy Mince', 5, 'R8.00', 'R40.00\r', 1),
(76, '14-Feb', 'HomeMade', 'Shampoo 1 litre', 1, 'R20.00', 'R20.00\r', 3),
(77, '14-Feb', 'Joe Spaza Shop', 'Gold Dish Vegetable Curry Can', 2, 'R8.50', 'R17.00\r', 4),
(78, '16-Feb', 'Joe Spaza Shop', 'Chakalaka Can', 2, 'R8.50', 'R17.00\r', 4),
(79, '16-Feb', 'Joe Spaza Shop', 'Cream Soda 500ml', 2, 'R7.50', 'R15.00\r', 4),
(80, '16-Feb', 'Joe Spaza Shop', 'Fanta 500ml', 1, 'R6.50', 'R6.50\r', 4),
(81, '16-Feb', 'Joe Spaza Shop', 'Gold Dish Vegetable Curry Can', 2, 'R8.50', 'R17.00\r', 4),
(82, '16-Feb', 'Joe Spaza Shop', 'Iwisa Pap 5kg', 1, 'R30.00', 'R30.00\r', 4),
(83, '16-Feb', 'Joe Spaza Shop', 'Milk 1l', 6, 'R9.50', 'R57.00\r', 4),
(84, '17-Feb', 'Epping Market', 'Apples - loose', 60, 'R1.50', 'R90.00\r', 2),
(85, '17-Feb', 'Epping Market', 'Mixed Sweets 5s', 12, 'R3.00', 'R36.00\r', 2),
(86, '17-Feb', 'Makro', 'Bread', 15, 'R9.00', 'R135.00\r', 1),
(87, '17-Feb', 'Makro', 'Chakalaka Can', 10, 'R7.00', 'R70.00\r', 1),
(88, '17-Feb', 'Makro', 'Coke 500ml', 24, 'R3.50', 'R84.00\r', 1),
(89, '17-Feb', 'Makro', 'Cream Soda 500ml', 12, 'R4.50', 'R54.00\r', 1),
(90, '17-Feb', 'Makro', 'Fanta 500ml', 12, 'R4.50', 'R54.00\r', 1),
(91, '17-Feb', 'Makro', 'Gold Dish Vegetable Curry Can', 10, 'R5.00', 'R50.00\r', 1),
(92, '17-Feb', 'Makro', 'Imasi', 15, 'R17.00', 'R255.00\r', 1),
(93, '17-Feb', 'Makro', 'Iwisa Pap 5kg', 5, 'R20.00', 'R100.00\r', 1),
(94, '17-Feb', 'Makro', 'Milk 1l', 15, 'R7.00', 'R105.00\r', 1),
(95, '17-Feb', 'Makro', 'Top Class Soy Mince', 5, 'R8.00', 'R40.00\r', 1),
(96, '18-Feb', 'HomeMade', 'Shampoo 1 litre', 1, 'R20.00', 'R20.00\r', 3),
(97, '18-Feb', 'HomeMade', 'Soap Bar', 5, 'R3.00', 'R15.00\r', 3),
(98, '19-Feb', 'HomeMade', 'Shampoo 1 litre', 2, 'R20.00', 'R40.00\r', 3),
(99, '19-Feb', 'Joe Spaza Shop', 'Milk 1l', 1, 'R9.50', 'R9.50\r', 4),
(100, '20-Feb', 'Epping Market', 'Bananas - loose', 20, 'R1.00', 'R20.00\r', 2),
(101, '20-Feb', 'Epping Market', 'Apples - loose', 90, 'R1.50', 'R135.00\r', 2),
(102, '20-Feb', 'Epping Market', 'Mixed Sweets 5s', 20, 'R3.00', 'R60.00\r', 2),
(103, '20-Feb', 'HomeMade', 'Shampoo 1 litre', 2, 'R20.00', 'R40.00\r', 3),
(104, '20-Feb', 'HomeMade', 'Soap Bar', 3, 'R3.00', 'R9.00\r', 3),
(105, '20-Feb', 'Makro', 'Bread', 10, 'R9.00', 'R90.00\r', 1),
(106, '20-Feb', 'Makro', 'Imasi', 10, 'R17.00', 'R170.00\r', 1),
(107, '20-Feb', 'Makro', 'Iwisa Pap 5kg', 5, 'R20.00', 'R100.00\r', 1),
(108, '20-Feb', 'Makro', 'Milk 1l', 15, 'R7.00', 'R105.00\r', 1),
(109, '20-Feb', 'Makro', 'Top Class Soy Mince', 10, 'R8.00', 'R80.00\r', 1),
(110, '23-Feb', 'Joe Spaza Shop', 'Chakalaka Can', 3, 'R9.00', 'R27.00\r', 4),
(111, '24-Feb', 'Epping Market', 'Bananas - loose', 10, 'R1.00', 'R10.00\r', 2),
(112, '24-Feb', 'Epping Market', 'Apples - loose', 90, 'R1.50', 'R135.00\r', 2),
(113, '24-Feb', 'Epping Market', 'Mixed Sweets 5s', 8, 'R3.00', 'R24.00\r', 2),
(114, '24-Feb', 'Makro', 'Bread', 15, 'R9.00', 'R135.00\r', 1),
(115, '24-Feb', 'Makro', 'Chakalaka Can', 10, 'R7.00', 'R70.00\r', 1),
(116, '24-Feb', 'Makro', 'Coke 500ml', 18, 'R3.50', 'R63.00\r', 1),
(117, '24-Feb', 'Makro', 'Cream Soda 500ml', 6, 'R4.50', 'R27.00\r', 1),
(118, '24-Feb', 'Makro', 'Fanta 500ml', 6, 'R4.50', 'R27.00\r', 1),
(119, '24-Feb', 'Makro', 'Gold Dish Vegetable Curry Can', 10, 'R5.00', 'R50.00\r', 1),
(120, '24-Feb', 'Makro', 'Imasi', 15, 'R17.00', 'R255.00\r', 1),
(121, '24-Feb', 'Makro', 'Milk 1l', 20, 'R7.00', 'R140.00\r', 1),
(122, '24-Feb', 'Makro', 'Top Class Soy Mince', 15, 'R8.00', 'R120.00\r', 1),
(123, '25-Feb', 'HomeMade', 'Soap Bar', 5, 'R3.00', 'R15.00\r', 3),
(124, '26-Feb', 'HomeMade', 'Shampoo 1 litre', 2, 'R20.00', 'R40.00\r', 3),
(125, '26-Feb', 'HomeMade', 'Soap Bar', 5, 'R3.00', 'R15.00\r', 3),
(126, '26-Feb', 'Joe Spaza Shop', 'Bread', 1, 'R11.00', 'R11.00\r', 4),
(127, '26-Feb', 'Joe Spaza Shop', 'Fanta 500ml', 2, 'R6.50', 'R13.00\r', 4),
(128, '26-Feb', 'Joe Spaza Shop', 'Gold Dish Vegetable Curry Can', 1, 'R8.50', 'R8.50\r', 4),
(129, '26-Feb', 'Joe Spaza Shop', 'Iwisa Pap 5kg', 1, 'R30.00', 'R30.00\r', 4),
(130, '27-Feb', 'Epping Market', 'Bananas - loose', 10, 'R1.00', 'R10.00\r', 2),
(131, '27-Feb', 'Epping Market', 'Apples - loose', 60, 'R1.50', 'R90.00\r', 2),
(132, '27-Feb', 'HomeMade', 'Shampoo 1 litre', 5, 'R20.00', 'R100.00\r', 3),
(133, '27-Feb', 'HomeMade', 'Soap Bar', 5, 'R3.00', 'R15.00\r', 3),
(134, '27-Feb', 'Makro', 'Bread', 20, 'R9.00', 'R180.00\r', 1),
(135, '27-Feb', 'Makro', 'Chakalaka Can', 15, 'R7.00', 'R105.00\r', 1),
(136, '27-Feb', 'Makro', 'Coke 500ml', 24, 'R3.50', 'R84.00\r', 1),
(137, '27-Feb', 'Makro', 'Cream Soda 500ml', 12, 'R4.50', 'R54.00\r', 1),
(138, '27-Feb', 'Makro', 'Fanta 500ml', 12, 'R4.50', 'R54.00\r', 1),
(139, '27-Feb', 'Makro', 'Gold Dish Vegetable Curry Can', 15, 'R5.00', 'R75.00\r', 1),
(140, '27-Feb', 'Makro', 'Imasi', 15, 'R17.00', 'R255.00\r', 1),
(141, '27-Feb', 'Makro', 'Iwisa Pap 5kg', 10, 'R20.00', 'R200.00\r', 1),
(142, '27-Feb', 'Makro', 'Milk 1l', 20, 'R7.00', 'R140.00\r', 1),
(143, '27-Feb', 'Makro', 'Top Class Soy Mince', 15, 'R8.00', 'R120.00\r', 1),
(144, '28-Feb', 'HomeMade', 'Shampoo 1 litre', 2, 'R20.00', 'R40.00\r', 3),
(145, '28-Feb', 'HomeMade', 'Soap Bar', 3, 'R3.00', 'R9.00\r', 3),
(146, '28-Feb', 'Joe Spaza Shop', 'Chakalaka Can', 3, 'R8.50', 'R25.50\r', 4),
(147, '28-Feb', 'Joe Spaza Shop', 'Gold Dish Vegetable Curry Can', 2, 'R8.50', 'R17.00\r', 4),
(148, '28-Feb', 'Joe Spaza Shop', 'Top Class Soy Mince', 5, 'R11.00', 'R55.00\r', 4),
(149, '01-Mar', 'HomeMade', 'Shampoo 1 litre', 2, 'R20.00', 'R40.00\r', 3),
(150, '01-Mar', 'HomeMade', 'Soap Bar', 5, 'R3.00', 'R15.00\r', 3),
(151, '01-Mar', 'Joe Spaza Shop', 'Chakalaka Can', 3, 'R8.50', 'R25.50\r', 4),
(152, '01-Mar', 'Joe Spaza Shop', 'Gold Dish Vegetable Curry Can', 2, 'R8.50', 'R17.00\r', 4),
(153, '01-Mar', 'Joe Spaza Shop', 'Top Class Soy Mince', 3, 'R11.00', 'R33.00\r', 4);

-- --------------------------------------------------------

--
-- Table structure for table `sales_history`
--

CREATE TABLE IF NOT EXISTS `sales_history` (
  `day` varchar(30) DEFAULT NULL,
  `date` varchar(30) DEFAULT NULL,
  `stock_item` varchar(30) DEFAULT NULL,
  `no_sold` int(11) DEFAULT NULL,
  `sales_price` varchar(30) DEFAULT NULL,
  `id` int(11) NOT NULL AUTO_INCREMENT,
  `category_name` varchar(30) DEFAULT NULL,
  `cat_id` int(11) NOT NULL,
  PRIMARY KEY (`id`),
  KEY `category_id` (`cat_id`)
) ENGINE=InnoDB  DEFAULT CHARSET=latin1 AUTO_INCREMENT=436 ;

--
-- Dumping data for table `sales_history`
--

INSERT INTO `sales_history` (`day`, `date`, `stock_item`, `no_sold`, `sales_price`, `id`, `category_name`, `cat_id`) VALUES
('Sunday', '1-Feb', 'Imasi', 1, 'R25.00', 2, 'dairy', 2),
('Sunday', '1-Feb', 'Bread', 2, 'R12.00', 3, 'veg_and_carbs', 4),
('Sunday', '1-Feb', 'Chakalaka Can', 3, 'R10.00', 4, 'veg_and_carbs', 4),
('Sunday', '1-Feb', 'Gold Dish Vegetable Curry Can', 2, 'R9.00', 5, 'veg_and_carbs', 4),
('Sunday', '1-Feb', 'Fanta 500ml', 3, 'R6.50', 6, 'junk_food', 1),
('Sunday', '1-Feb', 'Coke 500ml', 2, 'R6.50', 7, 'junk_food', 1),
('Sunday', '1-Feb', 'Cream Soda 500ml', 2, 'R7.50', 8, 'junk_food', 1),
('Sunday', '1-Feb', 'Iwisa Pap 5kg', 0, 'R30.00', 9, 'veg_and_carbs', 4),
('Sunday', '1-Feb', 'Top Class Soy Mince', 2, 'R12.00', 10, 'veg_and_carbs', 4),
('Sunday', '1-Feb', 'Shampoo 1 litre', 1, 'R30.00', 11, 'not_edible', 3),
('Sunday', '1-Feb', 'Soap Bar', 0, 'R6.00', 12, 'not_edible', 3),
('Sunday', '1-Feb', 'Bananas - loose', 3, 'R2.00', 13, 'fruit', 5),
('Sunday', '1-Feb', 'Apples - loose', 5, 'R2.00', 14, 'fruit', 5),
('Sunday', '1-Feb', 'Mixed Sweets 5s', 9, 'R3.00', 15, 'junk_food', 1),
('Monday', '2-Feb', 'Milk 1l', 4, 'R10.00', 16, 'dairy', 2),
('Monday', '2-Feb', 'Imasi', 4, 'R25.00', 17, 'dairy', 2),
('Monday', '2-Feb', 'Bread', 5, 'R12.00', 18, 'veg_and_carbs', 4),
('Monday', '2-Feb', 'Chakalaka Can', 4, 'R10.00', 19, 'veg_and_carbs', 4),
('Monday', '2-Feb', 'Gold Dish Vegetable Curry Can', 5, 'R9.00', 20, 'veg_and_carbs', 4),
('Monday', '2-Feb', 'Fanta 500ml', 5, 'R6.50', 21, 'junk_food', 1),
('Monday', '2-Feb', 'Coke 500ml', 8, 'R6.50', 22, 'junk_food', 1),
('Monday', '2-Feb', 'Cream Soda 500ml', 4, 'R7.50', 23, 'junk_food', 1),
('Monday', '2-Feb', 'Iwisa Pap 5kg', 5, 'R30.00', 24, 'veg_and_carbs', 4),
('Monday', '2-Feb', 'Top Class Soy Mince', 3, 'R12.00', 25, 'veg_and_carbs', 4),
('Monday', '2-Feb', 'Shampoo 1 litre', 0, 'R30.00', 26, 'not_edible', 3),
('Monday', '2-Feb', 'Soap Bar', 2, 'R6.00', 27, 'not_edible', 3),
('Monday', '2-Feb', 'Bananas - loose', 0, 'R2.00', 28, 'fruit', 5),
('Monday', '2-Feb', 'Apples - loose', 0, 'R2.00', 29, 'fruit', 5),
('Monday', '2-Feb', 'Mixed Sweets 5s', 0, 'R3.00', 30, 'junk_food', 1),
('Tuesday', '3-Feb', 'Milk 1l', 7, 'R10.00', 31, 'dairy', 2),
('Tuesday', '3-Feb', 'Imasi', 4, 'R25.00', 32, 'dairy', 2),
('Tuesday', '3-Feb', 'Bread', 7, 'R12.00', 33, 'veg_and_carbs', 4),
('Tuesday', '3-Feb', 'Chakalaka Can', 4, 'R10.00', 34, 'veg_and_carbs', 4),
('Tuesday', '3-Feb', 'Gold Dish Vegetable Curry Can', 2, 'R9.00', 35, 'veg_and_carbs', 4),
('Tuesday', '3-Feb', 'Fanta 500ml', 5, 'R6.50', 36, 'junk_food', 1),
('Tuesday', '3-Feb', 'Coke 500ml', 8, 'R6.50', 37, 'junk_food', 1),
('Tuesday', '3-Feb', 'Cream Soda 500ml', 3, 'R7.50', 38, 'junk_food', 1),
('Tuesday', '3-Feb', 'Iwisa Pap 5kg', 3, 'R30.00', 39, 'veg_and_carbs', 4),
('Tuesday', '3-Feb', 'Top Class Soy Mince', 3, 'R12.00', 40, 'veg_and_carbs', 4),
('Tuesday', '3-Feb', 'Shampoo 1 litre', 0, 'R30.00', 41, 'not_edible', 3),
('Tuesday', '3-Feb', 'Soap Bar', 2, 'R6.00', 42, 'not_edible', 3),
('Tuesday', '3-Feb', 'Bananas - loose', 10, 'R2.00', 43, 'fruit', 5),
('Tuesday', '3-Feb', 'Apples - loose', 8, 'R2.00', 44, 'fruit', 5),
('Tuesday', '3-Feb', 'Mixed Sweets 5s', 15, 'R2.00', 45, 'junk_food', 1),
('Wednesday', '4-Feb', 'Milk 1l', 5, 'R10.00', 46, 'dairy', 2),
('Wednesday', '4-Feb', 'Imasi', 8, 'R25.00', 47, 'dairy', 2),
('Wednesday', '4-Feb', 'Bread', 8, 'R12.00', 48, 'veg_and_carbs', 4),
('Wednesday', '4-Feb', 'Chakalaka Can', 2, 'R10.00', 49, 'veg_and_carbs', 4),
('Wednesday', '4-Feb', 'Gold Dish Vegetable Curry Can', 0, 'R9.00', 50, 'veg_and_carbs', 4),
('Wednesday', '4-Feb', 'Fanta 500ml', 7, 'R6.50', 51, 'junk_food', 1),
('Wednesday', '4-Feb', 'Coke 500ml', 12, 'R6.50', 52, 'junk_food', 1),
('Wednesday', '4-Feb', 'Cream Soda 500ml', 2, 'R7.50', 53, 'junk_food', 1),
('Wednesday', '4-Feb', 'Iwisa Pap 5kg', 1, 'R30.00', 54, 'veg_and_carbs', 4),
('Wednesday', '4-Feb', 'Top Class Soy Mince', 4, 'R12.00', 55, 'veg_and_carbs', 4),
('Wednesday', '4-Feb', 'Shampoo 1 litre', 1, 'R30.00', 56, 'not_edible', 3),
('Wednesday', '4-Feb', 'Soap Bar', 3, 'R6.00', 57, 'not_edible', 3),
('Wednesday', '4-Feb', 'Bananas - loose', 16, 'R2.00', 58, 'fruit', 5),
('Wednesday', '4-Feb', 'Apples - loose', 8, 'R2.00', 59, 'fruit', 5),
('Wednesday', '4-Feb', 'Mixed Sweets 5s', 12, 'R2.00', 60, 'junk_food', 1),
('Thursday', '5-Feb', 'Milk 1l', 10, 'R10.00', 61, 'dairy', 2),
('Thursday', '5-Feb', 'Imasi', 3, 'R25.00', 62, 'dairy', 2),
('Thursday', '5-Feb', 'Bread', 12, 'R12.00', 63, 'veg_and_carbs', 4),
('Thursday', '5-Feb', 'Chakalaka Can', 3, 'R10.00', 64, 'veg_and_carbs', 4),
('Thursday', '5-Feb', 'Gold Dish Vegetable Curry Can', 6, 'R9.00', 65, 'veg_and_carbs', 4),
('Thursday', '5-Feb', 'Fanta 500ml', 3, 'R6.50', 66, 'junk_food', 1),
('Thursday', '5-Feb', 'Coke 500ml', 9, 'R6.50', 67, 'junk_food', 1),
('Thursday', '5-Feb', 'Cream Soda 500ml', 8, 'R7.50', 68, 'junk_food', 1),
('Thursday', '5-Feb', 'Iwisa Pap 5kg', 2, 'R30.00', 69, 'veg_and_carbs', 4),
('Thursday', '5-Feb', 'Top Class Soy Mince', 1, 'R12.00', 70, 'veg_and_carbs', 4),
('Thursday', '5-Feb', 'Shampoo 1 litre', 0, 'R30.00', 71, 'not_edible', 3),
('Thursday', '5-Feb', 'Soap Bar', 1, 'R6.00', 72, 'not_edible', 3),
('Thursday', '5-Feb', 'Bananas - loose', 8, 'R2.00', 73, 'fruit', 5),
('Thursday', '5-Feb', 'Apples - loose', 12, 'R2.00', 74, 'fruit', 5),
('Thursday', '5-Feb', 'Mixed Sweets 5s', 5, 'R3.00', 75, 'junk_food', 1),
('Friday', '6-Feb', 'Milk 1l', 6, 'R10.00', 76, 'dairy', 2),
('Friday', '6-Feb', 'Imasi', 4, 'R25.00', 77, 'dairy', 2),
('Friday', '6-Feb', 'Bread', 7, 'R12.00', 78, 'veg_and_carbs', 4),
('Friday', '6-Feb', 'Chakalaka Can', 5, 'R10.00', 79, 'veg_and_carbs', 4),
('Friday', '6-Feb', 'Gold Dish Vegetable Curry Can', 2, 'R9.00', 80, 'veg_and_carbs', 4),
('Friday', '6-Feb', 'Fanta 500ml', 7, 'R6.50', 81, 'junk_food', 1),
('Friday', '6-Feb', 'Coke 500ml', 8, 'R6.50', 82, 'junk_food', 1),
('Friday', '6-Feb', 'Cream Soda 500ml', 3, 'R7.50', 83, 'junk_food', 1),
('Friday', '6-Feb', 'Iwisa Pap 5kg', 6, 'R30.00', 84, 'veg_and_carbs', 4),
('Friday', '6-Feb', 'Top Class Soy Mince', 8, 'R12.00', 85, 'veg_and_carbs', 4),
('Friday', '6-Feb', 'Shampoo 1 litre', 1, 'R30.00', 86, 'not_edible', 3),
('Friday', '6-Feb', 'Soap Bar', 3, 'R6.00', 87, 'not_edible', 3),
('Friday', '6-Feb', 'Bananas - loose', 2, 'R2.00', 88, 'fruit', 5),
('Friday', '6-Feb', 'Apples - loose', 0, 'R2.00', 89, 'fruit', 5),
('Friday', '6-Feb', 'Mixed Sweets 5s', 5, 'R3.00', 90, 'junk_food', 1),
('Saturday', '7-Feb', 'Milk 1l', 4, 'R10.00', 91, 'dairy', 2),
('Saturday', '7-Feb', 'Imasi', 6, 'R25.00', 92, 'dairy', 2),
('Saturday', '7-Feb', 'Bread', 4, 'R12.00', 93, 'veg_and_carbs', 4),
('Saturday', '7-Feb', 'Chakalaka Can', 2, 'R10.00', 94, 'veg_and_carbs', 4),
('Saturday', '7-Feb', 'Gold Dish Vegetable Curry Can', 0, 'R9.00', 95, 'veg_and_carbs', 4),
('Saturday', '7-Feb', 'Fanta 500ml', 3, 'R6.50', 96, 'junk_food', 1),
('Saturday', '7-Feb', 'Coke 500ml', 7, 'R6.50', 97, 'junk_food', 1),
('Saturday', '7-Feb', 'Cream Soda 500ml', 0, 'R7.50', 98, 'junk_food', 1),
('Saturday', '7-Feb', 'Iwisa Pap 5kg', 0, 'R30.00', 99, 'veg_and_carbs', 4),
('Saturday', '7-Feb', 'Top Class Soy Mince', 1, 'R12.00', 100, 'veg_and_carbs', 4),
('Saturday', '7-Feb', 'Shampoo 1 litre', 0, 'R30.00', 101, 'not_edible', 3),
('Saturday', '7-Feb', 'Soap Bar', 1, 'R6.00', 102, 'not_edible', 3),
('Saturday', '7-Feb', 'Bananas - loose', 8, 'R2.00', 103, 'fruit', 5),
('Saturday', '7-Feb', 'Apples - loose', 3, 'R2.00', 104, 'fruit', 5),
('Saturday', '7-Feb', 'Mixed Sweets 5s', 3, 'R3.00', 105, 'junk_food', 1),
('Sunday', '8-Feb', 'Milk 1l', 0, 'R10.00', 106, 'dairy', 2),
('Sunday', '8-Feb', 'Imasi', 2, 'R25.00', 107, 'dairy', 2),
('Sunday', '8-Feb', 'Bread', 2, 'R12.00', 108, 'veg_and_carbs', 4),
('Sunday', '8-Feb', 'Chakalaka Can', 1, 'R10.00', 109, 'veg_and_carbs', 4),
('Sunday', '8-Feb', 'Gold Dish Vegetable Curry Can', 0, 'R9.00', 110, 'veg_and_carbs', 4),
('Sunday', '8-Feb', 'Fanta 500ml', 4, 'R6.50', 111, 'junk_food', 1),
('Sunday', '8-Feb', 'Coke 500ml', 4, 'R6.50', 112, 'junk_food', 1),
('Sunday', '8-Feb', 'Cream Soda 500ml', 1, 'R7.50', 113, 'junk_food', 1),
('Sunday', '8-Feb', 'Iwisa Pap 5kg', 1, 'R30.00', 114, 'veg_and_carbs', 4),
('Sunday', '8-Feb', 'Top Class Soy Mince', 2, 'R12.00', 115, 'veg_and_carbs', 4),
('Sunday', '8-Feb', 'Shampoo 1 litre', 0, 'R30.00', 116, 'not_edible', 3),
('Sunday', '8-Feb', 'Soap Bar', 1, 'R6.00', 117, 'not_edible', 3),
('Sunday', '8-Feb', 'Bananas - loose', 5, 'R2.00', 118, 'fruit', 5),
('Sunday', '8-Feb', 'Apples - loose', 2, 'R2.00', 119, 'fruit', 5),
('Sunday', '8-Feb', 'Mixed Sweets 5s', 9, 'R3.00', 120, 'junk_food', 1),
('Monday', '9-Feb', 'Milk 1l', 3, 'R10.00', 121, 'dairy', 2),
('Monday', '9-Feb', 'Imasi', 6, 'R25.00', 122, 'dairy', 2),
('Monday', '9-Feb', 'Bread', 7, 'R12.00', 123, 'veg_and_carbs', 4),
('Monday', '9-Feb', 'Chakalaka Can', 5, 'R10.00', 124, 'veg_and_carbs', 4),
('Monday', '9-Feb', 'Gold Dish Vegetable Curry Can', 6, 'R9.00', 125, 'veg_and_carbs', 4),
('Monday', '9-Feb', 'Fanta 500ml', 3, 'R6.50', 126, 'junk_food', 1),
('Monday', '9-Feb', 'Coke 500ml', 8, 'R6.50', 127, 'junk_food', 1),
('Monday', '9-Feb', 'Cream Soda 500ml', 5, 'R7.50', 128, 'junk_food', 1),
('Monday', '9-Feb', 'Iwisa Pap 5kg', 2, 'R30.00', 129, 'veg_and_carbs', 4),
('Monday', '9-Feb', 'Top Class Soy Mince', 1, 'R12.00', 130, 'veg_and_carbs', 4),
('Monday', '9-Feb', 'Shampoo 1 litre', 0, 'R30.00', 131, 'not_edible', 3),
('Monday', '9-Feb', 'Soap Bar', 0, 'R6.00', 132, 'not_edible', 3),
('Monday', '9-Feb', 'Bananas - loose', 5, 'R2.00', 133, 'fruit', 5),
('Monday', '9-Feb', 'Apples - loose', 0, 'R2.00', 134, 'fruit', 5),
('Monday', '9-Feb', 'Mixed Sweets 5s', 3, 'R3.00', 135, 'junk_food', 1),
('Tuesday', '10-Feb', 'Milk 1l', 5, 'R10.00', 136, 'dairy', 2),
('Tuesday', '10-Feb', 'Imasi', 4, 'R25.00', 137, 'dairy', 2),
('Tuesday', '10-Feb', 'Bread', 2, 'R12.00', 138, 'veg_and_carbs', 4),
('Tuesday', '10-Feb', 'Chakalaka Can', 0, 'R10.00', 139, 'veg_and_carbs', 4),
('Tuesday', '10-Feb', 'Gold Dish Vegetable Curry Can', 0, 'R9.00', 140, 'veg_and_carbs', 4),
('Tuesday', '10-Feb', 'Fanta 500ml', 1, 'R6.50', 141, 'junk_food', 1),
('Tuesday', '10-Feb', 'Coke 500ml', 3, 'R6.50', 142, 'junk_food', 1),
('Tuesday', '10-Feb', 'Cream Soda 500ml', 2, 'R7.50', 143, 'junk_food', 1),
('Tuesday', '10-Feb', 'Iwisa Pap 5kg', 1, 'R30.00', 144, 'veg_and_carbs', 4),
('Tuesday', '10-Feb', 'Top Class Soy Mince', 3, 'R12.00', 145, 'veg_and_carbs', 4),
('Tuesday', '10-Feb', 'Shampoo 1 litre', 1, 'R30.00', 146, 'not_edible', 3),
('Tuesday', '10-Feb', 'Soap Bar', 0, 'R6.00', 147, 'not_edible', 3),
('Tuesday', '10-Feb', 'Bananas - loose', 3, 'R2.00', 148, 'fruit', 5),
('Tuesday', '10-Feb', 'Apples - loose', 2, 'R2.00', 149, 'fruit', 5),
('Tuesday', '10-Feb', 'Mixed Sweets 5s', 7, 'R2.00', 150, 'junk_food', 1),
('Tuesday', '10-Feb', 'Heart Chocolates', 3, 'R35.00', 151, 'junk_food', 1),
('Tuesday', '10-Feb', 'Rose (plastic)', 1, 'R15.00', 152, 'not_edible', 3),
('Wednesday', '11-Feb', 'Milk 1l', 5, 'R10.00', 153, 'dairy', 2),
('Wednesday', '11-Feb', 'Imasi', 4, 'R25.00', 154, 'dairy', 2),
('Wednesday', '11-Feb', 'Bread', 3, 'R12.00', 155, 'veg_and_carbs', 4),
('Wednesday', '11-Feb', 'Chakalaka Can', 2, 'R10.00', 156, 'veg_and_carbs', 4),
('Wednesday', '11-Feb', 'Gold Dish Vegetable Curry Can', 1, 'R9.00', 157, 'veg_and_carbs', 4),
('Wednesday', '11-Feb', 'Fanta 500ml', 2, 'R6.50', 158, 'junk_food', 1),
('Wednesday', '11-Feb', 'Coke 500ml', 3, 'R6.50', 159, 'junk_food', 1),
('Wednesday', '11-Feb', 'Cream Soda 500ml', 1, 'R7.50', 160, 'junk_food', 1),
('Wednesday', '11-Feb', 'Iwisa Pap 5kg', 0, 'R30.00', 161, 'veg_and_carbs', 4),
('Wednesday', '11-Feb', 'Top Class Soy Mince', 2, 'R12.00', 162, 'veg_and_carbs', 4),
('Wednesday', '11-Feb', 'Shampoo 1 litre', 1, 'R30.00', 163, 'not_edible', 3),
('Wednesday', '11-Feb', 'Soap Bar', 0, 'R6.00', 164, 'not_edible', 3),
('Wednesday', '11-Feb', 'Bananas - loose', 4, 'R2.00', 165, 'fruit', 5),
('Wednesday', '11-Feb', 'Apples - loose', 3, 'R2.00', 166, 'fruit', 5),
('Wednesday', '11-Feb', 'Mixed Sweets 5s', 8, 'R2.00', 167, 'junk_food', 1),
('Wednesday', '11-Feb', 'Heart Chocolates', 5, 'R35.00', 168, 'junk_food', 1),
('Wednesday', '11-Feb', 'Rose (plastic)', 3, 'R15.00', 169, 'not_edible', 3),
('Thursday', '12-Feb', 'Milk 1l', 3, 'R10.00', 170, 'dairy', 2),
('Thursday', '12-Feb', 'Imasi', 9, 'R25.00', 171, 'dairy', 2),
('Thursday', '12-Feb', 'Bread', 2, 'R12.00', 172, 'veg_and_carbs', 4),
('Thursday', '12-Feb', 'Chakalaka Can', 3, 'R10.00', 173, 'veg_and_carbs', 4),
('Thursday', '12-Feb', 'Gold Dish Vegetable Curry Can', 1, 'R9.00', 174, 'veg_and_carbs', 4),
('Thursday', '12-Feb', 'Fanta 500ml', 0, 'R6.50', 175, 'junk_food', 1),
('Thursday', '12-Feb', 'Coke 500ml', 2, 'R6.50', 176, 'junk_food', 1),
('Thursday', '12-Feb', 'Cream Soda 500ml', 1, 'R7.50', 177, 'junk_food', 1),
('Thursday', '12-Feb', 'Iwisa Pap 5kg', 0, 'R30.00', 178, 'veg_and_carbs', 4),
('Thursday', '12-Feb', 'Top Class Soy Mince', 2, 'R12.00', 179, 'veg_and_carbs', 4),
('Thursday', '12-Feb', 'Shampoo 1 litre', 0, 'R30.00', 180, 'not_edible', 3),
('Thursday', '12-Feb', 'Soap Bar', 2, 'R6.00', 181, 'not_edible', 3),
('Thursday', '12-Feb', 'Bananas - loose', 2, 'R2.00', 182, 'fruit', 5),
('Thursday', '12-Feb', 'Apples - loose', 3, 'R2.00', 183, 'fruit', 5),
('Thursday', '12-Feb', 'Mixed Sweets 5s', 3, 'R3.00', 184, 'junk_food', 1),
('Thursday', '12-Feb', 'Heart Chocolates', 2, 'R35.00', 185, 'junk_food', 1),
('Thursday', '12-Feb', 'Valentine Cards', 6, 'R4.00', 186, 'not_edible', 3),
('Thursday', '12-Feb', 'Rose (plastic)', 2, 'R15.00', 187, 'not_edible', 3),
('Friday', '13-Feb', 'Milk 1l', 6, 'R10.00', 188, 'dairy', 2),
('Friday', '13-Feb', 'Imasi', 6, 'R25.00', 189, 'dairy', 2),
('Friday', '13-Feb', 'Bread', 5, 'R12.00', 190, 'veg_and_carbs', 4),
('Friday', '13-Feb', 'Chakalaka Can', 7, 'R10.00', 191, 'veg_and_carbs', 4),
('Friday', '13-Feb', 'Gold Dish Vegetable Curry Can', 15, 'R9.00', 192, 'veg_and_carbs', 4),
('Friday', '13-Feb', 'Fanta 500ml', 6, 'R6.50', 193, 'junk_food', 1),
('Friday', '13-Feb', 'Coke 500ml', 8, 'R6.50', 194, 'junk_food', 1),
('Friday', '13-Feb', 'Cream Soda 500ml', 4, 'R7.50', 195, 'junk_food', 1),
('Friday', '13-Feb', 'Iwisa Pap 5kg', 3, 'R30.00', 196, 'veg_and_carbs', 4),
('Friday', '13-Feb', 'Top Class Soy Mince', 4, 'R12.00', 197, 'veg_and_carbs', 4),
('Friday', '13-Feb', 'Shampoo 1 litre', 4, 'R30.00', 198, 'not_edible', 3),
('Friday', '13-Feb', 'Soap Bar', 2, 'R6.00', 199, 'not_edible', 3),
('Friday', '13-Feb', 'Bananas - loose', 4, 'R2.00', 200, 'fruit', 5),
('Friday', '13-Feb', 'Apples - loose', 2, 'R2.00', 201, 'fruit', 5),
('Friday', '13-Feb', 'Mixed Sweets 5s', 6, 'R3.00', 202, 'junk_food', 1),
('Friday', '13-Feb', 'Heart Chocolates', 10, 'R35.00', 203, 'junk_food', 1),
('Friday', '13-Feb', 'Valentine Cards', 5, 'R4.00', 204, 'not_edible', 3),
('Friday', '13-Feb', 'Rose (plastic)', 7, 'R15.00', 205, 'not_edible', 3),
('Saturday', '14-Feb', 'Milk 1l', 6, 'R10.00', 206, 'dairy', 2),
('Saturday', '14-Feb', 'Imasi', 5, 'R25.00', 207, 'dairy', 2),
('Saturday', '14-Feb', 'Bread', 7, 'R12.00', 208, 'veg_and_carbs', 4),
('Saturday', '14-Feb', 'Chakalaka Can', 3, 'R10.00', 209, 'veg_and_carbs', 4),
('Saturday', '14-Feb', 'Gold Dish Vegetable Curry Can', 4, 'R9.00', 210, 'veg_and_carbs', 4),
('Saturday', '14-Feb', 'Fanta 500ml', 7, 'R6.50', 211, 'junk_food', 1),
('Saturday', '14-Feb', 'Coke 500ml', 14, 'R6.50', 212, 'junk_food', 1),
('Saturday', '14-Feb', 'Cream Soda 500ml', 8, 'R7.50', 213, 'junk_food', 1),
('Saturday', '14-Feb', 'Iwisa Pap 5kg', 3, 'R30.00', 214, 'veg_and_carbs', 4),
('Saturday', '14-Feb', 'Top Class Soy Mince', 7, 'R12.00', 215, 'veg_and_carbs', 4),
('Saturday', '14-Feb', 'Shampoo 1 litre', 0, 'R30.00', 216, 'not_edible', 3),
('Saturday', '14-Feb', 'Soap Bar', 0, 'R6.00', 217, 'not_edible', 3),
('Saturday', '14-Feb', 'Bananas - loose', 5, 'R2.00', 218, 'fruit', 5),
('Saturday', '14-Feb', 'Apples - loose', 9, 'R2.00', 219, 'fruit', 5),
('Saturday', '14-Feb', 'Mixed Sweets 5s', 18, 'R3.00', 220, 'junk_food', 1),
('Saturday', '14-Feb', 'Heart Chocolates', 0, 'R35.00', 221, 'junk_food', 1),
('Saturday', '14-Feb', 'Valentine Cards', 3, 'R4.00', 222, 'not_edible', 3),
('Saturday', '14-Feb', 'Rose (plastic)', 1, 'R15.00', 223, 'not_edible', 3),
('Sunday', '15-Feb', 'Milk 1l', 2, 'R10.00', 224, 'dairy', 2),
('Sunday', '15-Feb', 'Imasi', 2, 'R25.00', 225, 'dairy', 2),
('Sunday', '15-Feb', 'Bread', 1, 'R12.00', 226, 'veg_and_carbs', 4),
('Sunday', '15-Feb', 'Chakalaka Can', 3, 'R10.00', 227, 'veg_and_carbs', 4),
('Sunday', '15-Feb', 'Gold Dish Vegetable Curry Can', 0, 'R9.00', 228, 'veg_and_carbs', 4),
('Sunday', '15-Feb', 'Fanta 500ml', 5, 'R6.50', 229, 'junk_food', 1),
('Sunday', '15-Feb', 'Coke 500ml', 4, 'R6.50', 230, 'junk_food', 1),
('Sunday', '15-Feb', 'Cream Soda 500ml', 2, 'R7.50', 231, 'junk_food', 1),
('Sunday', '15-Feb', 'Iwisa Pap 5kg', 0, 'R30.00', 232, 'veg_and_carbs', 4),
('Sunday', '15-Feb', 'Top Class Soy Mince', 1, 'R12.00', 233, 'veg_and_carbs', 4),
('Sunday', '15-Feb', 'Shampoo 1 litre', 0, 'R30.00', 234, 'not_edible', 3),
('Sunday', '15-Feb', 'Soap Bar', 1, 'R6.00', 235, 'not_edible', 3),
('Sunday', '15-Feb', 'Bananas - loose', 1, 'R2.00', 236, 'fruit', 5),
('Sunday', '15-Feb', 'Apples - loose', 1, 'R2.00', 237, 'fruit', 5),
('Sunday', '15-Feb', 'Mixed Sweets 5s', 3, 'R3.00', 238, 'junk_food', 1),
('Monday', '16-Feb', 'Milk 1l', 7, 'R10.00', 239, 'dairy', 2),
('Monday', '16-Feb', 'Imasi', 6, 'R25.00', 240, 'dairy', 2),
('Monday', '16-Feb', 'Bread', 4, 'R12.00', 241, 'veg_and_carbs', 4),
('Monday', '16-Feb', 'Chakalaka Can', 3, 'R10.00', 242, 'veg_and_carbs', 4),
('Monday', '16-Feb', 'Gold Dish Vegetable Curry Can', 2, 'R9.00', 243, 'veg_and_carbs', 4),
('Monday', '16-Feb', 'Fanta 500ml', 2, 'R6.50', 244, 'junk_food', 1),
('Monday', '16-Feb', 'Coke 500ml', 1, 'R6.50', 245, 'junk_food', 1),
('Monday', '16-Feb', 'Cream Soda 500ml', 2, 'R7.50', 246, 'junk_food', 1),
('Monday', '16-Feb', 'Iwisa Pap 5kg', 2, 'R30.00', 247, 'veg_and_carbs', 4),
('Monday', '16-Feb', 'Top Class Soy Mince', 1, 'R12.00', 248, 'veg_and_carbs', 4),
('Monday', '16-Feb', 'Shampoo 1 litre', 0, 'R30.00', 249, 'not_edible', 3),
('Monday', '16-Feb', 'Soap Bar', 2, 'R6.00', 250, 'not_edible', 3),
('Monday', '16-Feb', 'Bananas - loose', 2, 'R2.00', 251, 'fruit', 5),
('Monday', '16-Feb', 'Apples - loose', 3, 'R2.00', 252, 'fruit', 5),
('Monday', '16-Feb', 'Mixed Sweets 5s', 5, 'R3.00', 253, 'junk_food', 1),
('Tuesday', '17-Feb', 'Milk 1l', 8, 'R10.00', 254, 'dairy', 2),
('Tuesday', '17-Feb', 'Imasi', 6, 'R25.00', 255, 'dairy', 2),
('Tuesday', '17-Feb', 'Bread', 3, 'R12.00', 256, 'veg_and_carbs', 4),
('Tuesday', '17-Feb', 'Chakalaka Can', 0, 'R10.00', 257, 'veg_and_carbs', 4),
('Tuesday', '17-Feb', 'Gold Dish Vegetable Curry Can', 0, 'R9.00', 258, 'veg_and_carbs', 4),
('Tuesday', '17-Feb', 'Fanta 500ml', 0, 'R6.50', 259, 'junk_food', 1),
('Tuesday', '17-Feb', 'Coke 500ml', 2, 'R6.50', 260, 'junk_food', 1),
('Tuesday', '17-Feb', 'Cream Soda 500ml', 0, 'R7.50', 261, 'junk_food', 1),
('Tuesday', '17-Feb', 'Iwisa Pap 5kg', 1, 'R30.00', 262, 'veg_and_carbs', 4),
('Tuesday', '17-Feb', 'Top Class Soy Mince', 2, 'R12.00', 263, 'veg_and_carbs', 4),
('Tuesday', '17-Feb', 'Shampoo 1 litre', 0, 'R30.00', 264, 'not_edible', 3),
('Tuesday', '17-Feb', 'Soap Bar', 1, 'R6.00', 265, 'not_edible', 3),
('Tuesday', '17-Feb', 'Bananas - loose', 2, 'R2.00', 266, 'fruit', 5),
('Tuesday', '17-Feb', 'Apples - loose', 6, 'R2.00', 267, 'fruit', 5),
('Tuesday', '17-Feb', 'Mixed Sweets 5s', 5, 'R2.00', 268, 'junk_food', 1),
('Wednesday', '18-Feb', 'Milk 1l', 3, 'R10.00', 269, 'dairy', 2),
('Wednesday', '18-Feb', 'Imasi', 5, 'R25.00', 270, 'dairy', 2),
('Wednesday', '18-Feb', 'Bread', 5, 'R12.00', 271, 'veg_and_carbs', 4),
('Wednesday', '18-Feb', 'Chakalaka Can', 1, 'R10.00', 272, 'veg_and_carbs', 4),
('Wednesday', '18-Feb', 'Gold Dish Vegetable Curry Can', 0, 'R9.00', 273, 'veg_and_carbs', 4),
('Wednesday', '18-Feb', 'Fanta 500ml', 0, 'R6.50', 274, 'junk_food', 1),
('Wednesday', '18-Feb', 'Coke 500ml', 3, 'R6.50', 275, 'junk_food', 1),
('Wednesday', '18-Feb', 'Cream Soda 500ml', 2, 'R7.50', 276, 'junk_food', 1),
('Wednesday', '18-Feb', 'Iwisa Pap 5kg', 1, 'R30.00', 277, 'veg_and_carbs', 4),
('Wednesday', '18-Feb', 'Top Class Soy Mince', 1, 'R12.00', 278, 'veg_and_carbs', 4),
('Wednesday', '18-Feb', 'Shampoo 1 litre', 1, 'R30.00', 279, 'not_edible', 3),
('Wednesday', '18-Feb', 'Soap Bar', 1, 'R6.00', 280, 'not_edible', 3),
('Wednesday', '18-Feb', 'Bananas - loose', 1, 'R2.00', 281, 'fruit', 5),
('Wednesday', '18-Feb', 'Apples - loose', 3, 'R2.00', 282, 'fruit', 5),
('Wednesday', '18-Feb', 'Mixed Sweets 5s', 2, 'R2.00', 283, 'junk_food', 1),
('Thursday', '19-Feb', 'Milk 1l', 5, 'R10.00', 284, 'dairy', 2),
('Thursday', '19-Feb', 'Imasi', 3, 'R25.00', 285, 'dairy', 2),
('Thursday', '19-Feb', 'Bread', 5, 'R12.00', 286, 'veg_and_carbs', 4),
('Thursday', '19-Feb', 'Chakalaka Can', 2, 'R10.00', 287, 'veg_and_carbs', 4),
('Thursday', '19-Feb', 'Gold Dish Vegetable Curry Can', 1, 'R9.00', 288, 'veg_and_carbs', 4),
('Thursday', '19-Feb', 'Fanta 500ml', 1, 'R6.50', 289, 'junk_food', 1),
('Thursday', '19-Feb', 'Coke 500ml', 1, 'R6.50', 290, 'junk_food', 1),
('Thursday', '19-Feb', 'Cream Soda 500ml', 0, 'R7.50', 291, 'junk_food', 1),
('Thursday', '19-Feb', 'Iwisa Pap 5kg', 0, 'R30.00', 292, 'veg_and_carbs', 4),
('Thursday', '19-Feb', 'Top Class Soy Mince', 2, 'R12.00', 293, 'veg_and_carbs', 4),
('Thursday', '19-Feb', 'Shampoo 1 litre', 2, 'R30.00', 294, 'not_edible', 3),
('Thursday', '19-Feb', 'Soap Bar', 0, 'R6.00', 295, 'not_edible', 3),
('Thursday', '19-Feb', 'Bananas - loose', 3, 'R2.00', 296, 'fruit', 5),
('Thursday', '19-Feb', 'Apples - loose', 5, 'R2.00', 297, 'fruit', 5),
('Thursday', '19-Feb', 'Mixed Sweets 5s', 4, 'R3.00', 298, 'junk_food', 1),
('Friday', '20-Feb', 'Milk 1l', 4, 'R10.00', 299, 'dairy', 2),
('Friday', '20-Feb', 'Imasi', 2, 'R25.00', 300, 'dairy', 2),
('Friday', '20-Feb', 'Bread', 3, 'R12.00', 301, 'veg_and_carbs', 4),
('Friday', '20-Feb', 'Chakalaka Can', 5, 'R10.00', 302, 'veg_and_carbs', 4),
('Friday', '20-Feb', 'Gold Dish Vegetable Curry Can', 3, 'R9.00', 303, 'veg_and_carbs', 4),
('Friday', '20-Feb', 'Fanta 500ml', 3, 'R6.50', 304, 'junk_food', 1),
('Friday', '20-Feb', 'Coke 500ml', 5, 'R6.50', 305, 'junk_food', 1),
('Friday', '20-Feb', 'Cream Soda 500ml', 6, 'R7.50', 306, 'junk_food', 1),
('Friday', '20-Feb', 'Iwisa Pap 5kg', 0, 'R30.00', 307, 'veg_and_carbs', 4),
('Friday', '20-Feb', 'Top Class Soy Mince', 3, 'R12.00', 308, 'veg_and_carbs', 4),
('Friday', '20-Feb', 'Shampoo 1 litre', 1, 'R30.00', 309, 'not_edible', 3),
('Friday', '20-Feb', 'Soap Bar', 3, 'R6.00', 310, 'not_edible', 3),
('Friday', '20-Feb', 'Bananas - loose', 6, 'R2.00', 311, 'fruit', 5),
('Friday', '20-Feb', 'Apples - loose', 4, 'R2.00', 312, 'fruit', 5),
('Friday', '20-Feb', 'Mixed Sweets 5s', 8, 'R3.00', 313, 'junk_food', 1),
('Saturday', '21-Feb', 'Milk 1l', 1, 'R10.00', 314, 'dairy', 2),
('Saturday', '21-Feb', 'Imasi', 1, 'R25.00', 315, 'dairy', 2),
('Saturday', '21-Feb', 'Bread', 3, 'R12.00', 316, 'veg_and_carbs', 4),
('Saturday', '21-Feb', 'Chakalaka Can', 3, 'R10.00', 317, 'veg_and_carbs', 4),
('Saturday', '21-Feb', 'Gold Dish Vegetable Curry Can', 2, 'R9.00', 318, 'veg_and_carbs', 4),
('Saturday', '21-Feb', 'Fanta 500ml', 3, 'R6.50', 319, 'junk_food', 1),
('Saturday', '21-Feb', 'Coke 500ml', 2, 'R6.50', 320, 'junk_food', 1),
('Saturday', '21-Feb', 'Cream Soda 500ml', 0, 'R7.50', 321, 'junk_food', 1),
('Saturday', '21-Feb', 'Iwisa Pap 5kg', 0, 'R30.00', 322, 'veg_and_carbs', 4),
('Saturday', '21-Feb', 'Top Class Soy Mince', 2, 'R12.00', 323, 'veg_and_carbs', 4),
('Saturday', '21-Feb', 'Shampoo 1 litre', 0, 'R30.00', 324, 'not_edible', 3),
('Saturday', '21-Feb', 'Soap Bar', 0, 'R6.00', 325, 'not_edible', 3),
('Saturday', '21-Feb', 'Bananas - loose', 2, 'R2.00', 326, 'fruit', 5),
('Saturday', '21-Feb', 'Apples - loose', 3, 'R2.00', 327, 'fruit', 5),
('Saturday', '21-Feb', 'Mixed Sweets 5s', 2, 'R3.00', 328, 'junk_food', 1),
('Sunday', '22-Feb', 'Milk 1l', 2, 'R10.00', 329, 'dairy', 2),
('Sunday', '22-Feb', 'Imasi', 2, 'R25.00', 330, 'dairy', 2),
('Sunday', '22-Feb', 'Bread', 3, 'R12.00', 331, 'veg_and_carbs', 4),
('Sunday', '22-Feb', 'Chakalaka Can', 0, 'R10.00', 332, 'veg_and_carbs', 4),
('Sunday', '22-Feb', 'Gold Dish Vegetable Curry Can', 1, 'R9.00', 333, 'veg_and_carbs', 4),
('Sunday', '22-Feb', 'Fanta 500ml', 2, 'R6.50', 334, 'junk_food', 1),
('Sunday', '22-Feb', 'Coke 500ml', 0, 'R6.50', 335, 'junk_food', 1),
('Sunday', '22-Feb', 'Cream Soda 500ml', 0, 'R7.50', 336, 'junk_food', 1),
('Sunday', '22-Feb', 'Iwisa Pap 5kg', 0, 'R30.00', 337, 'veg_and_carbs', 4),
('Sunday', '22-Feb', 'Top Class Soy Mince', 0, 'R12.00', 338, 'veg_and_carbs', 4),
('Sunday', '22-Feb', 'Shampoo 1 litre', 0, 'R30.00', 339, 'not_edible', 3),
('Sunday', '22-Feb', 'Soap Bar', 1, 'R6.00', 340, 'not_edible', 3),
('Sunday', '22-Feb', 'Bananas - loose', 0, 'R2.00', 341, 'fruit', 5),
('Sunday', '22-Feb', 'Apples - loose', 1, 'R2.00', 342, 'fruit', 5),
('Sunday', '22-Feb', 'Mixed Sweets 5s', 3, 'R3.00', 343, 'junk_food', 1),
('Monday', '23-Feb', 'Milk 1l', 8, 'R10.00', 344, 'dairy', 2),
('Monday', '23-Feb', 'Imasi', 6, 'R25.00', 345, 'dairy', 2),
('Monday', '23-Feb', 'Bread', 2, 'R12.00', 346, 'veg_and_carbs', 4),
('Monday', '23-Feb', 'Chakalaka Can', 2, 'R10.00', 347, 'veg_and_carbs', 4),
('Monday', '23-Feb', 'Gold Dish Vegetable Curry Can', 1, 'R9.00', 348, 'veg_and_carbs', 4),
('Monday', '23-Feb', 'Fanta 500ml', 1, 'R6.50', 349, 'junk_food', 1),
('Monday', '23-Feb', 'Coke 500ml', 3, 'R6.50', 350, 'junk_food', 1),
('Monday', '23-Feb', 'Cream Soda 500ml', 0, 'R7.50', 351, 'junk_food', 1),
('Monday', '23-Feb', 'Iwisa Pap 5kg', 2, 'R30.00', 352, 'veg_and_carbs', 4),
('Monday', '23-Feb', 'Top Class Soy Mince', 1, 'R12.00', 353, 'veg_and_carbs', 4),
('Monday', '23-Feb', 'Shampoo 1 litre', 0, 'R30.00', 354, 'not_edible', 3),
('Monday', '23-Feb', 'Soap Bar', 0, 'R6.00', 355, 'not_edible', 3),
('Monday', '23-Feb', 'Bananas - loose', 2, 'R2.00', 356, 'fruit', 5),
('Monday', '23-Feb', 'Apples - loose', 1, 'R2.00', 357, 'fruit', 5),
('Monday', '23-Feb', 'Mixed Sweets 5s', 3, 'R3.00', 358, 'junk_food', 1),
('Tuesday', '24-Feb', 'Milk 1l', 4, 'R10.00', 359, 'dairy', 2),
('Tuesday', '24-Feb', 'Imasi', 2, 'R25.00', 360, 'dairy', 2),
('Tuesday', '24-Feb', 'Bread', 6, 'R12.00', 361, 'veg_and_carbs', 4),
('Tuesday', '24-Feb', 'Chakalaka Can', 1, 'R10.00', 362, 'veg_and_carbs', 4),
('Tuesday', '24-Feb', 'Gold Dish Vegetable Curry Can', 2, 'R9.00', 363, 'veg_and_carbs', 4),
('Tuesday', '24-Feb', 'Fanta 500ml', 1, 'R6.50', 364, 'junk_food', 1),
('Tuesday', '24-Feb', 'Coke 500ml', 2, 'R6.50', 365, 'junk_food', 1),
('Tuesday', '24-Feb', 'Cream Soda 500ml', 1, 'R7.50', 366, 'junk_food', 1),
('Tuesday', '24-Feb', 'Iwisa Pap 5kg', 1, 'R30.00', 367, 'veg_and_carbs', 4),
('Tuesday', '24-Feb', 'Top Class Soy Mince', 2, 'R12.00', 368, 'veg_and_carbs', 4),
('Tuesday', '24-Feb', 'Shampoo 1 litre', 0, 'R30.00', 369, 'not_edible', 3),
('Tuesday', '24-Feb', 'Soap Bar', 1, 'R6.00', 370, 'not_edible', 3),
('Tuesday', '24-Feb', 'Bananas - loose', 5, 'R2.00', 371, 'fruit', 5),
('Tuesday', '24-Feb', 'Apples - loose', 3, 'R2.00', 372, 'fruit', 5),
('Tuesday', '24-Feb', 'Mixed Sweets 5s', 7, 'R2.00', 373, 'junk_food', 1),
('Wednesday', '25-Feb', 'Milk 1l', 8, 'R10.00', 374, 'dairy', 2),
('Wednesday', '25-Feb', 'Imasi', 6, 'R25.00', 375, 'dairy', 2),
('Wednesday', '25-Feb', 'Bread', 7, 'R12.00', 376, 'veg_and_carbs', 4),
('Wednesday', '25-Feb', 'Chakalaka Can', 5, 'R10.00', 377, 'veg_and_carbs', 4),
('Wednesday', '25-Feb', 'Gold Dish Vegetable Curry Can', 4, 'R9.00', 378, 'veg_and_carbs', 4),
('Wednesday', '25-Feb', 'Fanta 500ml', 6, 'R6.50', 379, 'junk_food', 1),
('Wednesday', '25-Feb', 'Coke 500ml', 8, 'R6.50', 380, 'junk_food', 1),
('Wednesday', '25-Feb', 'Cream Soda 500ml', 5, 'R7.50', 381, 'junk_food', 1),
('Wednesday', '25-Feb', 'Iwisa Pap 5kg', 3, 'R30.00', 382, 'veg_and_carbs', 4),
('Wednesday', '25-Feb', 'Top Class Soy Mince', 7, 'R12.00', 383, 'veg_and_carbs', 4),
('Wednesday', '25-Feb', 'Shampoo 1 litre', 1, 'R30.00', 384, 'not_edible', 3),
('Wednesday', '25-Feb', 'Soap Bar', 4, 'R6.00', 385, 'not_edible', 3),
('Wednesday', '25-Feb', 'Bananas - loose', 2, 'R2.00', 386, 'fruit', 5),
('Wednesday', '25-Feb', 'Apples - loose', 8, 'R2.00', 387, 'fruit', 5),
('Wednesday', '25-Feb', 'Mixed Sweets 5s', 5, 'R2.00', 388, 'junk_food', 1),
('Thursday', '26-Feb', 'Milk 1l', 8, 'R10.00', 389, 'dairy', 2),
('Thursday', '26-Feb', 'Imasi', 8, 'R25.00', 390, 'dairy', 2),
('Thursday', '26-Feb', 'Bread', 5, 'R12.00', 391, 'veg_and_carbs', 4),
('Thursday', '26-Feb', 'Chakalaka Can', 3, 'R10.00', 392, 'veg_and_carbs', 4),
('Thursday', '26-Feb', 'Gold Dish Vegetable Curry Can', 7, 'R9.00', 393, 'veg_and_carbs', 4),
('Thursday', '26-Feb', 'Fanta 500ml', 3, 'R6.50', 394, 'junk_food', 1),
('Thursday', '26-Feb', 'Coke 500ml', 7, 'R6.50', 395, 'junk_food', 1),
('Thursday', '26-Feb', 'Cream Soda 500ml', 4, 'R7.50', 396, 'junk_food', 1),
('Thursday', '26-Feb', 'Iwisa Pap 5kg', 3, 'R30.00', 397, 'veg_and_carbs', 4),
('Thursday', '26-Feb', 'Top Class Soy Mince', 8, 'R12.00', 398, 'veg_and_carbs', 4),
('Thursday', '26-Feb', 'Shampoo 1 litre', 0, 'R30.00', 399, 'not_edible', 3),
('Thursday', '26-Feb', 'Soap Bar', 3, 'R6.00', 400, 'not_edible', 3),
('Thursday', '26-Feb', 'Bananas - loose', 2, 'R2.00', 401, 'fruit', 5),
('Thursday', '26-Feb', 'Apples - loose', 3, 'R2.00', 402, 'fruit', 5),
('Thursday', '26-Feb', 'Mixed Sweets 5s', 1, 'R3.00', 403, 'junk_food', 1),
('Friday', '27-Feb', 'Milk 1l', 8, 'R10.00', 404, 'dairy', 2),
('Friday', '27-Feb', 'Imasi', 5, 'R25.00', 405, 'dairy', 2),
('Friday', '27-Feb', 'Bread', 3, 'R12.00', 406, 'veg_and_carbs', 4),
('Friday', '27-Feb', 'Chakalaka Can', 12, 'R10.00', 407, 'veg_and_carbs', 4),
('Friday', '27-Feb', 'Gold Dish Vegetable Curry Can', 9, 'R9.00', 408, 'veg_and_carbs', 4),
('Friday', '27-Feb', 'Fanta 500ml', 6, 'R6.50', 409, 'junk_food', 1),
('Friday', '27-Feb', 'Coke 500ml', 18, 'R6.50', 410, 'junk_food', 1),
('Friday', '27-Feb', 'Cream Soda 500ml', 3, 'R7.50', 411, 'junk_food', 1),
('Friday', '27-Feb', 'Iwisa Pap 5kg', 4, 'R30.00', 412, 'veg_and_carbs', 4),
('Friday', '27-Feb', 'Top Class Soy Mince', 12, 'R12.00', 413, 'veg_and_carbs', 4),
('Friday', '27-Feb', 'Shampoo 1 litre', 5, 'R30.00', 414, 'not_edible', 3),
('Friday', '27-Feb', 'Soap Bar', 3, 'R6.00', 415, 'not_edible', 3),
('Friday', '27-Feb', 'Bananas - loose', 1, 'R2.00', 416, 'fruit', 5),
('Friday', '27-Feb', 'Apples - loose', 3, 'R2.00', 417, 'fruit', 5),
('Friday', '27-Feb', 'Mixed Sweets 5s', 1, 'R3.00', 418, 'junk_food', 1),
('Saturday', '28-Feb', 'Milk 1l', 3, 'R10.00', 419, 'dairy', 2),
('Saturday', '28-Feb', 'Imasi', 2, 'R25.00', 420, 'dairy', 2),
('Saturday', '28-Feb', 'Bread', 4, 'R12.00', 421, 'veg_and_carbs', 4),
('Saturday', '28-Feb', 'Chakalaka Can', 5, 'R10.00', 422, 'veg_and_carbs', 4),
('Saturday', '28-Feb', 'Gold Dish Vegetable Curry Can', 6, 'R9.00', 423, 'veg_and_carbs', 4),
('Saturday', '28-Feb', 'Fanta 500ml', 3, 'R6.50', 424, 'junk_food', 1),
('Saturday', '28-Feb', 'Coke 500ml', 4, 'R6.50', 425, 'junk_food', 1),
('Saturday', '28-Feb', 'Cream Soda 500ml', 6, 'R7.50', 426, 'junk_food', 1),
('Saturday', '28-Feb', 'Iwisa Pap 5kg', 2, 'R30.00', 427, 'veg_and_carbs', 4),
('Saturday', '28-Feb', 'Top Class Soy Mince', 9, 'R12.00', 428, 'veg_and_carbs', 4),
('Saturday', '28-Feb', 'Soap Bar', 7, 'R6.00', 430, 'not_edible', 3),
('Saturday', '28-Feb', 'Apples - loose', 8, 'R2.00', 432, 'fruit', 5),
('Sunday', '1-Mar', 'Milk 1l', 4, 'R10.00', 434, 'dairy', 2),
('Sunday', '1-Mar', 'Imasi', 3, 'R25.00', 435, 'dairy', 2);

-- --------------------------------------------------------

--
-- Table structure for table `suppliers`
--

CREATE TABLE IF NOT EXISTS `suppliers` (
  `id` int(11) NOT NULL AUTO_INCREMENT,
  `shop` varchar(30) DEFAULT NULL,
  PRIMARY KEY (`id`)
) ENGINE=InnoDB  DEFAULT CHARSET=latin1 AUTO_INCREMENT=6 ;

--
-- Dumping data for table `suppliers`
--

INSERT INTO `suppliers` (`id`, `shop`) VALUES
(1, 'Makro'),
(2, 'Epping Market'),
(3, 'HomeMade'),
(4, 'Joe Spaza Shop'),
(5, 'ChinaTown');

--
-- Constraints for dumped tables
--

--
-- Constraints for table `purchase_history`
--
ALTER TABLE `purchase_history`
  ADD CONSTRAINT `purchase_history_ibfk_1` FOREIGN KEY (`supplier_id`) REFERENCES `suppliers` (`id`);

--
-- Constraints for table `sales_history`
--
ALTER TABLE `sales_history`
  ADD CONSTRAINT `category_id` FOREIGN KEY (`cat_id`) REFERENCES `categories` (`ID`);

/*!40101 SET CHARACTER_SET_CLIENT=@OLD_CHARACTER_SET_CLIENT */;
/*!40101 SET CHARACTER_SET_RESULTS=@OLD_CHARACTER_SET_RESULTS */;
/*!40101 SET COLLATION_CONNECTION=@OLD_COLLATION_CONNECTION */;
